State,Year,Illnesses,Hospitalizations,Fatalities,Illnesses_log,time zone
Alabama,1998,80,2.0,0.0,1.6094379124341003,CTZ
Alabama,1999,6256,6.0,0.0,5.968707559985366,CTZ
Alabama,2000,2272,7.0,0.0,4.955827057601261,CTZ
Alabama,2002,1328,0.0,0.0,4.418840607796598,CTZ
Alabama,2003,1072,1.0,0.0,4.204692619390966,CTZ
Alabama,2004,752,0.0,0.0,3.8501476017100584,CTZ
Alabama,2005,512,0.0,0.0,3.4657359027997265,CTZ
Alabama,2007,1280,16.0,1.0,4.382026634673881,CTZ
Alabama,2008,1648,10.0,0.0,4.634728988229636,CTZ
Alabama,2009,928,2.0,0.0,4.060443010546419,CTZ
Alabama,2010,144,0.0,0.0,2.1972245773362196,CTZ
Alabama,2011,864,12.0,0.0,3.9889840465642745,CTZ
Alabama,2012,912,7.0,0.0,4.04305126783455,CTZ
Alabama,2013,1984,33.0,0.0,4.820281565605037,CTZ
Alabama,2014,3840,16.0,0.0,5.480638923341991,CTZ
Alabama,2015,1840,34.0,0.0,4.74493212836325,CTZ
Alaska,1998,12,3.0,0.0,1.0986122886681098,ADTZ
Alaska,2000,168,11.0,0.0,3.7376696182833684,ADTZ
Alaska,2001,16,4.0,0.0,1.3862943611198906,ADTZ
Alaska,2002,300,9.0,0.0,4.31748811353631,ADTZ
Alaska,2003,292,2.0,0.0,4.290459441148391,ADTZ
Alaska,2004,368,0.0,0.0,4.5217885770490405,ADTZ
Alaska,2005,148,8.0,0.0,3.6109179126442243,ADTZ
Alaska,2006,356,2.0,0.0,4.48863636973214,ADTZ
Alaska,2007,108,6.0,0.0,3.295836866004329,ADTZ
Alaska,2008,488,12.0,0.0,4.804021044733257,ADTZ
Alaska,2009,140,0.0,0.0,3.5553480614894135,ADTZ
Alaska,2010,208,6.0,0.0,3.9512437185814275,ADTZ
Alaska,2011,168,6.0,0.0,3.7376696182833684,ADTZ
Alaska,2012,204,1.0,0.0,3.9318256327243257,ADTZ
Alaska,2013,264,8.0,0.0,4.189654742026425,ADTZ
Alaska,2014,440,9.0,1.0,4.700480365792417,ADTZ
Alaska,2015,12,3.0,0.0,1.0986122886681098,ADTZ
Arizona,1998,5800,11.0,0.0,4.060443010546419,MTZ
Arizona,1999,30000,11.0,0.0,5.703782474656201,MTZ
Arizona,2000,10100,1.0,0.0,4.61512051684126,MTZ
Arizona,2001,9300,4.0,0.0,4.532599493153256,MTZ
Arizona,2002,4000,5.0,0.0,3.6888794541139363,MTZ
Arizona,2003,1400,0.0,0.0,2.6390573296152584,MTZ
Arizona,2004,42500,7.0,0.0,6.052089168924417,MTZ
Arizona,2005,8100,1.0,0.0,4.394449154672439,MTZ
Arizona,2006,42400,19.0,0.0,6.049733455231958,MTZ
Arizona,2007,39800,14.0,0.0,5.986452005284438,MTZ
Arizona,2008,45600,33.0,0.0,6.1224928095143865,MTZ
Arizona,2009,25400,9.0,0.0,5.537334267018537,MTZ
Arizona,2010,32100,10.0,0.0,5.771441123130016,MTZ
Arizona,2011,28100,2.0,0.0,5.638354669333745,MTZ
Arizona,2012,50100,14.0,0.0,6.2166061010848646,MTZ
Arizona,2013,43800,44.0,0.0,6.082218910376446,MTZ
Arizona,2014,18600,14.0,0.0,5.225746673713202,MTZ
Arizona,2015,46100,21.0,0.0,6.133398042996649,MTZ
Arkansas,1999,2720,2.0,0.0,5.135798437050262,CTZ
Arkansas,2000,2112,20.0,0.0,4.882801922586371,CTZ
Arkansas,2002,3136,9.0,0.0,5.278114659230517,CTZ
Arkansas,2003,1664,1.0,0.0,4.6443908991413725,CTZ
Arkansas,2004,240,5.0,0.0,2.70805020110221,CTZ
Arkansas,2005,1808,17.0,0.0,4.727387818712341,CTZ
Arkansas,2006,3328,13.0,0.0,5.337538079701318,CTZ
Arkansas,2007,896,2.0,0.0,4.02535169073515,CTZ
Arkansas,2008,64,1.0,0.0,1.3862943611198906,CTZ
Arkansas,2009,2640,3.0,0.0,5.10594547390058,CTZ
Arkansas,2010,80,2.0,0.0,1.6094379124341003,CTZ
Arkansas,2011,624,13.0,0.0,3.6635616461296463,CTZ
Arkansas,2012,9680,6.0,0.0,6.405228458030842,CTZ
Arkansas,2013,1040,6.0,0.0,4.174387269895637,CTZ
Arkansas,2014,4640,14.0,0.0,5.66988092298052,CTZ
Arkansas,2015,624,4.0,0.0,3.6635616461296463,CTZ
California,1998,2356,90.0,1.0,7.764720544771477,PTZ
California,1999,2867,55.0,0.0,7.96102146588337,PTZ
California,2000,1519,37.0,4.0,7.325807502595773,PTZ
California,2001,2008,43.0,0.0,7.60489448081162,PTZ
California,2002,2271,43.0,2.0,7.7279755421055585,PTZ
California,2003,1964,101.0,4.0,7.582738488914411,PTZ
California,2004,2428,68.0,2.0,7.794823152179389,PTZ
California,2005,2906,43.0,2.0,7.974532844130228,PTZ
California,2006,4101,69.0,0.0,8.31898612539206,PTZ
California,2007,1865,70.0,1.0,7.5310163320779155,PTZ
California,2008,2246,82.0,2.0,7.716906135298388,PTZ
California,2009,985,13.0,0.0,6.892641641172089,PTZ
California,2010,1043,37.0,0.0,6.949856455000773,PTZ
California,2011,1175,57.0,0.0,7.069023426578259,PTZ
California,2012,841,30.0,4.0,6.734591659972948,PTZ
California,2013,1080,40.0,0.0,6.984716320118266,PTZ
California,2014,916,43.0,3.0,6.82001636467413,PTZ
California,2015,1231,66.0,0.0,7.115582126184454,PTZ
Colorado,1998,5200,3.0,0.0,3.9512437185814275,MTZ
Colorado,1999,19500,4.0,0.0,5.272999558563747,MTZ
Colorado,2000,11500,16.0,1.0,4.74493212836325,MTZ
Colorado,2001,22100,7.0,0.0,5.3981627015177525,MTZ
Colorado,2002,18800,8.0,0.0,5.236441962829949,MTZ
Colorado,2003,32800,8.0,0.0,5.793013608384144,MTZ
Colorado,2004,78700,7.0,0.0,6.668228248417403,MTZ
Colorado,2005,52300,11.0,1.0,6.259581464064923,MTZ
Colorado,2006,221200,18.0,0.0,7.701652362642226,MTZ
Colorado,2007,57900,25.0,1.0,6.361302477572996,MTZ
Colorado,2008,74500,17.0,0.0,6.61338421837956,MTZ
Colorado,2009,54800,20.0,0.0,6.306275286948016,MTZ
Colorado,2010,52200,16.0,1.0,6.257667587882639,MTZ
Colorado,2011,44100,6.0,0.0,6.089044875446846,MTZ
Colorado,2012,51900,7.0,0.0,6.251903883165888,MTZ
Colorado,2013,29400,10.0,0.0,5.683579767338681,MTZ
Colorado,2014,26400,7.0,0.0,5.575949103146316,MTZ
Colorado,2015,27600,8.0,0.0,5.62040086571715,MTZ
Connecticut,1998,9972,0.0,0.0,5.6240175061873385,ETZ
Connecticut,1999,3780,18.0,0.0,4.653960350157523,ETZ
Connecticut,2000,4644,5.0,0.0,4.859812404361672,ETZ
Connecticut,2001,19260,6.0,0.0,6.282266746896006,ETZ
Connecticut,2002,5904,5.0,0.0,5.099866427824199,ETZ
Connecticut,2003,3168,3.0,0.0,4.477336814478207,ETZ
Connecticut,2004,8496,6.0,0.0,5.4638318050256105,ETZ
Connecticut,2005,6300,7.0,0.0,5.1647859739235145,ETZ
Connecticut,2006,8136,2.0,0.0,5.420534999272286,ETZ
Connecticut,2007,6876,6.0,0.0,5.25227342804663,ETZ
Connecticut,2008,7524,8.0,0.0,5.342334251964811,ETZ
Connecticut,2009,10980,9.0,0.0,5.720311776607412,ETZ
Connecticut,2010,12096,12.0,0.0,5.817111159963204,ETZ
Connecticut,2011,7740,9.0,0.0,5.3706380281276624,ETZ
Connecticut,2012,5652,4.0,1.0,5.056245805348308,ETZ
Connecticut,2013,8928,11.0,0.0,5.5134287461649825,ETZ
Connecticut,2014,6840,12.0,0.0,5.247024072160486,ETZ
Connecticut,2015,11160,8.0,0.0,5.736572297479192,ETZ
Delaware,2002,756,4.0,0.0,3.044522437723423,ETZ
Delaware,2003,3240,0.0,0.0,4.499809670330265,ETZ
Delaware,2004,1116,1.0,0.0,3.4339872044851463,ETZ
Delaware,2005,540,0.0,0.0,2.70805020110221,ETZ
Delaware,2006,288,1.0,0.0,2.0794415416798357,ETZ
Delaware,2007,180,2.0,0.0,1.6094379124341003,ETZ
Delaware,2008,1296,0.0,0.0,3.58351893845611,ETZ
Delaware,2012,180,0.0,0.0,1.6094379124341003,ETZ
Florida,1998,106200,100.0,4.0,7.989560449333865,ETZ
Florida,1999,29376,48.0,1.0,6.704414354964107,ETZ
Florida,2000,30528,25.0,4.0,6.742880635791903,ETZ
Florida,2001,11124,25.0,1.0,5.733341276897746,ETZ
Florida,2002,24876,34.0,1.0,6.53813982376767,ETZ
Florida,2003,16884,14.0,1.0,6.150602768446279,ETZ
Florida,2004,35280,56.0,0.0,6.887552571664617,ETZ
Florida,2005,20412,17.0,0.0,6.340359303727752,ETZ
Florida,2006,11988,22.0,0.0,5.808142489980444,ETZ
Florida,2007,9684,8.0,1.0,5.594711379601839,ETZ
Florida,2008,19368,9.0,0.0,6.2878585601617845,ETZ
Florida,2009,18648,19.0,0.0,6.249975242259483,ETZ
Florida,2010,27252,9.0,0.0,6.6293632534374485,ETZ
Florida,2011,13572,12.0,0.0,5.932245187448011,ETZ
Florida,2012,27360,56.0,0.0,6.633318433280377,ETZ
Florida,2013,10332,12.0,0.0,5.659482215759621,ETZ
Florida,2014,40788,35.0,0.0,7.0326242610280065,ETZ
Florida,2015,22860,20.0,1.0,6.453624998892692,ETZ
Georgia,1998,2196,1.0,0.0,4.110873864173311,ETZ
Georgia,1999,17532,50.0,0.0,6.18826412308259,ETZ
Georgia,2000,21204,39.0,0.0,6.3784261836515865,ETZ
Georgia,2001,38160,17.0,1.0,6.966024187106113,ETZ
Georgia,2002,14724,10.0,0.0,6.013715156042802,ETZ
Georgia,2003,14400,12.0,2.0,5.991464547107982,ETZ
Georgia,2004,13392,3.0,1.0,5.918893854273146,ETZ
Georgia,2005,23976,33.0,0.0,6.501289670540389,ETZ
Georgia,2006,14832,21.0,0.0,6.021023349349527,ETZ
Georgia,2007,18288,28.0,0.0,6.230481447578482,ETZ
Georgia,2008,21204,17.0,0.0,6.3784261836515865,ETZ
Georgia,2009,3204,4.0,0.0,4.48863636973214,ETZ
Georgia,2010,6804,19.0,0.0,5.241747015059643,ETZ
Georgia,2011,23976,29.0,1.0,6.501289670540389,ETZ
Georgia,2012,3564,9.0,0.0,4.59511985013459,ETZ
Georgia,2013,14256,17.0,0.0,5.981414211254481,ETZ
Georgia,2014,15408,7.0,0.0,6.059123195581797,ETZ
Georgia,2015,10044,2.0,0.0,5.631211781821365,ETZ
Hawaii,1998,26752,5.0,0.0,6.035481432524756,HSTZ
Hawaii,1999,7808,5.0,1.0,4.804021044733257,HSTZ
Hawaii,2000,8896,4.0,0.0,4.9344739331306915,HSTZ
Hawaii,2001,11584,14.0,0.0,5.198497031265826,HSTZ
Hawaii,2002,18752,0.0,0.0,5.680172609017068,HSTZ
Hawaii,2003,17152,4.0,0.0,5.5909869805108565,HSTZ
Hawaii,2004,31744,9.0,0.0,6.206575926724928,HSTZ
Hawaii,2005,9344,9.0,0.0,4.983606621708336,HSTZ
Hawaii,2006,11648,6.0,0.0,5.204006687076795,HSTZ
Hawaii,2007,9664,7.0,0.0,5.017279836814924,HSTZ
Hawaii,2008,12288,0.0,0.0,5.2574953720277815,HSTZ
Hawaii,2009,6208,2.0,0.0,4.574710978503383,HSTZ
Hawaii,2010,4096,4.0,0.0,4.1588830833596715,HSTZ
Hawaii,2011,5696,0.0,0.0,4.48863636973214,HSTZ
Hawaii,2012,5120,10.0,0.0,4.382026634673881,HSTZ
Hawaii,2013,12288,30.0,0.0,5.2574953720277815,HSTZ
Hawaii,2014,2304,1.0,0.0,3.58351893845611,HSTZ
Hawaii,2015,3776,0.0,0.0,4.07753744390572,HSTZ
Idaho,1999,3300,3.0,0.0,3.4965075614664802,MTZ
Idaho,2000,5800,2.0,0.0,4.060443010546419,MTZ
Idaho,2001,2900,4.0,0.0,3.367295829986474,MTZ
Idaho,2002,3600,5.0,0.0,3.58351893845611,MTZ
Idaho,2004,24400,1.0,0.0,5.497168225293202,MTZ
Idaho,2005,37900,0.0,0.0,5.937536205082426,MTZ
Idaho,2006,12300,3.0,0.0,4.812184355372417,MTZ
Idaho,2007,200,0.0,0.0,0.6931471805599453,MTZ
Idaho,2008,2500,0.0,0.0,3.2188758248682006,MTZ
Idaho,2009,4400,0.0,0.0,3.784189633918261,MTZ
Idaho,2010,1600,6.0,0.0,2.772588722239781,MTZ
Idaho,2011,13100,7.0,0.0,4.875197323201151,MTZ
Idaho,2012,3400,2.0,0.0,3.5263605246161616,MTZ
Idaho,2013,1900,3.0,1.0,2.9444389791664403,MTZ
Idaho,2014,2300,5.0,0.0,3.1354942159291497,MTZ
Idaho,2015,31400,18.0,0.0,5.749392985908253,MTZ
Illinois,1998,25504,26.0,0.0,7.374001859350161,CTZ
Illinois,1999,24000,38.0,0.0,7.313220387090301,CTZ
Illinois,2000,17520,28.0,1.0,6.9985096422506015,CTZ
Illinois,2001,14576,43.0,0.0,6.814542897259958,CTZ
Illinois,2002,39216,62.0,0.0,7.804251383528112,CTZ
Illinois,2003,17600,48.0,0.0,7.003065458786462,CTZ
Illinois,2004,29648,35.0,0.0,7.52456122628536,CTZ
Illinois,2005,22976,14.0,0.0,7.269616749608169,CTZ
Illinois,2006,21104,61.0,0.0,7.1846291527173145,CTZ
Illinois,2007,37776,59.0,0.0,7.766840537085513,CTZ
Illinois,2008,15408,27.0,3.0,6.870053411798126,CTZ
Illinois,2009,20640,36.0,0.0,7.162397497355718,CTZ
Illinois,2010,20320,71.0,1.0,7.146772179452637,CTZ
Illinois,2011,13888,20.0,0.0,6.7661917146603505,CTZ
Illinois,2012,13904,24.0,0.0,6.767343125265392,CTZ
Illinois,2013,11424,33.0,0.0,6.570882962339584,CTZ
Illinois,2014,8320,49.0,0.0,6.253828811575473,CTZ
Illinois,2015,11392,33.0,0.0,6.568077911411976,CTZ
Indiana,1998,20772,20.0,0.0,6.3578422665081,ETZ
Indiana,1999,18576,13.0,0.0,6.246106765481563,ETZ
Indiana,2000,14400,9.0,0.0,5.991464547107982,ETZ
Indiana,2001,2988,1.0,0.0,4.418840607796598,ETZ
Indiana,2002,22608,4.0,0.0,6.4425401664681985,ETZ
Indiana,2003,1800,6.0,0.0,3.912023005428146,ETZ
Indiana,2006,10584,40.0,0.0,5.683579767338681,ETZ
Indiana,2007,900,6.0,0.0,3.2188758248682006,ETZ
Indiana,2009,4644,3.0,0.0,4.859812404361672,ETZ
Indiana,2010,2376,21.0,0.0,4.189654742026425,ETZ
Indiana,2011,4752,64.0,0.0,4.882801922586371,ETZ
Indiana,2012,756,0.0,0.0,3.044522437723423,ETZ
Indiana,2013,1656,9.0,0.0,3.828641396489095,ETZ
Indiana,2014,3456,3.0,0.0,4.564348191467836,ETZ
Indiana,2015,612,0.0,0.0,2.833213344056216,ETZ
Iowa,1998,2320,0.0,0.0,4.976733742420574,CTZ
Iowa,1999,4112,4.0,0.0,5.54907608489522,CTZ
Iowa,2001,2320,4.0,0.0,4.976733742420574,CTZ
Iowa,2002,3632,9.0,0.0,5.424950017481403,CTZ
Iowa,2003,8752,20.0,0.0,6.304448802421981,CTZ
Iowa,2004,9440,4.0,0.0,6.380122536899765,CTZ
Iowa,2005,4816,0.0,0.0,5.707110264748875,CTZ
Iowa,2006,3616,9.0,0.0,5.420534999272286,CTZ
Iowa,2007,5024,2.0,0.0,5.749392985908253,CTZ
Iowa,2008,832,7.0,0.0,3.9512437185814275,CTZ
Iowa,2009,608,5.0,0.0,3.6375861597263857,CTZ
Iowa,2010,1632,9.0,0.0,4.624972813284271,CTZ
Iowa,2011,976,0.0,0.0,4.110873864173311,CTZ
Iowa,2012,800,8.0,0.0,3.912023005428146,CTZ
Iowa,2013,1568,7.0,0.0,4.584967478670572,CTZ
Iowa,2014,7200,3.0,0.0,6.1092475827643655,CTZ
Iowa,2015,3536,2.0,0.0,5.3981627015177525,CTZ
Kansas,1998,30200,2.0,0.0,5.71042701737487,MTZ
Kansas,1999,15400,4.0,0.0,5.0369526024136295,MTZ
Kansas,2000,3500,2.0,0.0,3.5553480614894135,MTZ
Kansas,2001,18100,3.0,0.0,5.198497031265826,MTZ
Kansas,2002,26000,4.0,0.0,5.560681631015528,MTZ
Kansas,2003,21400,3.0,0.0,5.365976015021851,MTZ
Kansas,2004,27200,6.0,0.0,5.605802066295998,MTZ
Kansas,2005,32400,23.0,0.0,5.780743515792329,MTZ
Kansas,2006,18400,16.0,0.0,5.214935757608986,MTZ
Kansas,2007,48700,13.0,0.0,6.18826412308259,MTZ
Kansas,2008,55000,10.0,0.0,6.309918278226516,MTZ
Kansas,2009,19300,9.0,0.0,5.262690188904886,MTZ
Kansas,2010,47000,5.0,0.0,6.152732694704104,MTZ
Kansas,2011,23100,12.0,0.0,5.442417710521793,MTZ
Kansas,2012,21000,5.0,0.0,5.3471075307174685,MTZ
Kansas,2013,35600,4.0,0.0,5.87493073085203,MTZ
Kansas,2014,29000,4.0,0.0,5.66988092298052,MTZ
Kansas,2015,28600,15.0,1.0,5.655991810819852,MTZ
Kentucky,1998,2052,1.0,0.0,4.04305126783455,ETZ
Kentucky,1999,324,5.0,0.0,2.1972245773362196,ETZ
Kentucky,2000,504,5.0,0.0,2.6390573296152584,ETZ
Kentucky,2001,144,0.0,0.0,1.3862943611198906,ETZ
Kentucky,2006,180,2.0,0.0,1.6094379124341003,ETZ
Kentucky,2007,1476,0.0,0.0,3.713572066704308,ETZ
Kentucky,2008,5112,4.0,1.0,4.955827057601261,ETZ
Kentucky,2010,1728,8.0,0.0,3.871201010907891,ETZ
Kentucky,2011,2196,1.0,0.0,4.110873864173311,ETZ
Kentucky,2012,2124,1.0,0.0,4.07753744390572,ETZ
Kentucky,2013,720,7.0,1.0,2.995732273553991,ETZ
Kentucky,2014,828,7.0,0.0,3.1354942159291497,ETZ
Kentucky,2015,3888,7.0,0.0,4.68213122712422,ETZ
Louisiana,1998,6432,14.0,0.0,5.996452088619021,CTZ
Louisiana,1999,1552,0.0,0.0,4.574710978503383,CTZ
Louisiana,2000,1808,0.0,0.0,4.727387818712341,CTZ
Louisiana,2001,4928,24.0,1.0,5.730099782973574,CTZ
Louisiana,2002,1392,6.0,0.0,4.465908118654584,CTZ
Louisiana,2003,14832,35.0,0.0,6.831953565565855,CTZ
Louisiana,2004,2544,1.0,0.0,5.0689042022202315,CTZ
Louisiana,2005,1312,1.0,0.0,4.406719247264253,CTZ
Louisiana,2006,1296,4.0,0.0,4.394449154672439,CTZ
Louisiana,2007,1280,8.0,1.0,4.382026634673881,CTZ
Louisiana,2008,1248,1.0,0.0,4.356708826689592,CTZ
Louisiana,2009,16000,4.0,0.0,6.907755278982137,CTZ
Louisiana,2010,1392,3.0,3.0,4.465908118654584,CTZ
Louisiana,2011,1712,6.0,1.0,4.672828834461906,CTZ
Louisiana,2012,1088,10.0,1.0,4.219507705176107,CTZ
Louisiana,2013,1440,6.0,0.0,4.499809670330265,CTZ
Louisiana,2014,2208,6.0,0.0,4.927253685157205,CTZ
Louisiana,2015,272,0.0,0.0,2.833213344056216,CTZ
Maine,1998,2016,4.0,0.0,4.02535169073515,ETZ
Maine,1999,3960,5.0,0.0,4.700480365792417,ETZ
Maine,2000,1980,2.0,0.0,4.007333185232471,ETZ
Maine,2001,4608,5.0,0.0,4.852030263919617,ETZ
Maine,2002,3852,13.0,0.0,4.672828834461906,ETZ
Maine,2003,2952,0.0,0.0,4.406719247264253,ETZ
Maine,2004,756,1.0,0.0,3.044522437723423,ETZ
Maine,2005,396,0.0,0.0,2.3978952727983707,ETZ
Maine,2006,1260,8.0,0.0,3.5553480614894135,ETZ
Maine,2007,79128,39.0,0.0,7.6953031349635665,ETZ
Maine,2008,23652,10.0,0.0,6.48768401848461,ETZ
Maine,2009,216,1.0,0.0,1.791759469228055,ETZ
Maine,2010,1980,1.0,0.0,4.007333185232471,ETZ
Maine,2011,1548,2.0,0.0,3.7612001156935624,ETZ
Maine,2012,576,1.0,0.0,2.772588722239781,ETZ
Maine,2014,396,2.0,0.0,2.3978952727983707,ETZ
Maryland,1998,16056,7.0,0.0,6.100318952020064,ETZ
Maryland,1999,33552,28.0,2.0,6.837332814685591,ETZ
Maryland,2000,26352,6.0,0.0,6.595780513961311,ETZ
Maryland,2001,16992,17.0,0.0,6.156978985585555,ETZ
Maryland,2002,10440,10.0,0.0,5.66988092298052,ETZ
Maryland,2003,15660,24.0,0.0,6.075346031088684,ETZ
Maryland,2004,24588,10.0,0.0,6.52649485957079,ETZ
Maryland,2005,14004,2.0,0.0,5.963579343618446,ETZ
Maryland,2006,12312,12.0,0.0,5.834810737062605,ETZ
Maryland,2007,13068,8.0,0.0,5.8944028342648505,ETZ
Maryland,2008,21744,13.0,0.0,6.403574197934815,ETZ
Maryland,2009,9684,9.0,0.0,5.594711379601839,ETZ
Maryland,2010,6480,6.0,0.0,5.19295685089021,ETZ
Maryland,2011,13932,26.0,0.0,5.958424693029782,ETZ
Maryland,2012,6588,14.0,0.0,5.209486152841421,ETZ
Maryland,2013,8208,9.0,1.0,5.429345628954441,ETZ
Maryland,2014,16128,6.0,0.0,6.104793232414985,ETZ
Maryland,2015,12816,12.0,0.0,5.87493073085203,ETZ
Massachusetts,1998,14868,14.0,0.0,6.023447592961033,ETZ
Massachusetts,1999,2160,1.0,0.0,4.0943445622221,ETZ
Massachusetts,2000,1044,0.0,0.0,3.367295829986474,ETZ
Massachusetts,2001,10548,17.0,0.0,5.680172609017068,ETZ
Massachusetts,2002,23040,18.0,0.0,6.461468176353717,ETZ
Massachusetts,2003,4824,6.0,0.0,4.897839799950911,ETZ
Massachusetts,2004,22032,23.0,0.0,6.416732282512326,ETZ
Massachusetts,2005,13896,3.0,0.0,5.955837369464831,ETZ
Massachusetts,2006,8532,9.0,0.0,5.4680601411351315,ETZ
Massachusetts,2007,7776,34.0,3.0,5.375278407684165,ETZ
Massachusetts,2008,10116,14.0,0.0,5.638354669333745,ETZ
Massachusetts,2009,10764,8.0,0.0,5.700443573390687,ETZ
Massachusetts,2010,7488,7.0,0.0,5.337538079701318,ETZ
Massachusetts,2011,4284,15.0,0.0,4.77912349311153,ETZ
Massachusetts,2012,8136,36.0,1.0,5.420534999272286,ETZ
Massachusetts,2013,12708,6.0,0.0,5.8664680569332965,ETZ
Massachusetts,2014,12672,21.0,1.0,5.863631175598097,ETZ
Massachusetts,2015,2232,3.0,0.0,4.127134385045092,ETZ
Michigan,1998,6912,22.0,0.0,5.2574953720277815,ETZ
Michigan,1999,15696,11.0,0.0,6.077642243349034,ETZ
Michigan,2000,19980,17.0,0.0,6.318968113746434,ETZ
Michigan,2001,32868,12.0,0.0,6.816735880594968,ETZ
Michigan,2002,28980,44.0,0.0,6.690842277418564,ETZ
Michigan,2003,23832,12.0,0.0,6.495265555937008,ETZ
Michigan,2004,25704,10.0,0.0,6.570882962339584,ETZ
Michigan,2005,23832,11.0,0.0,6.495265555937008,ETZ
Michigan,2006,69552,41.0,0.0,7.566311014772463,ETZ
Michigan,2007,9900,9.0,3.0,5.616771097666572,ETZ
Michigan,2008,16344,14.0,0.0,6.118097198041348,ETZ
Michigan,2009,17064,18.0,1.0,6.161207321695077,ETZ
Michigan,2010,10368,28.0,0.0,5.662960480135946,ETZ
Michigan,2011,16740,33.0,1.0,6.142037405587356,ETZ
Michigan,2012,31680,12.0,0.0,6.779921907472252,ETZ
Michigan,2013,12600,24.0,0.0,5.857933154483459,ETZ
Michigan,2014,26208,19.0,0.0,6.590301048196686,ETZ
Michigan,2015,22500,17.0,0.0,6.437751649736401,ETZ
Minnesota,1998,13440,3.0,0.0,6.733401891837359,CTZ
Minnesota,1999,9232,24.0,1.0,6.3578422665081,CTZ
Minnesota,2000,12016,17.0,0.0,6.621405651764134,CTZ
Minnesota,2001,12720,15.0,0.0,6.678342114654332,CTZ
Minnesota,2002,14960,9.0,0.0,6.840546529288687,CTZ
Minnesota,2003,12208,24.0,0.0,6.637258031284457,CTZ
Minnesota,2004,11808,19.0,0.0,6.6039438246004725,CTZ
Minnesota,2005,10416,15.0,0.0,6.478509642208569,CTZ
Minnesota,2006,18720,40.0,2.0,7.064759027791802,CTZ
Minnesota,2007,9984,40.0,0.0,6.436150368369428,CTZ
Minnesota,2008,11792,19.0,0.0,6.602587892189336,CTZ
Minnesota,2009,8224,9.0,0.0,6.2422232654551655,CTZ
Minnesota,2010,12896,16.0,0.0,6.692083742506628,CTZ
Minnesota,2011,14912,31.0,0.0,6.837332814685591,CTZ
Minnesota,2012,9152,14.0,0.0,6.349138991379798,CTZ
Minnesota,2013,9664,32.0,0.0,6.403574197934815,CTZ
Minnesota,2014,14544,32.0,0.0,6.812345094177479,CTZ
Minnesota,2015,8224,14.0,0.0,6.2422232654551655,CTZ
Mississippi,2000,1936,7.0,0.0,4.795790545596741,CTZ
Mississippi,2001,688,2.0,0.0,3.7612001156935624,CTZ
Mississippi,2002,2048,1.0,0.0,4.852030263919617,CTZ
Mississippi,2003,1008,0.0,0.0,4.143134726391533,CTZ
Mississippi,2004,1024,12.0,0.0,4.1588830833596715,CTZ
Mississippi,2005,768,0.0,0.0,3.871201010907891,CTZ
Mississippi,2006,4512,13.0,0.0,5.641907070938114,CTZ
Mississippi,2007,1072,0.0,0.0,4.204692619390966,CTZ
Mississippi,2009,4000,3.0,0.0,5.521460917862246,CTZ
Mississippi,2010,624,1.0,0.0,3.6635616461296463,CTZ
Mississippi,2011,2912,36.0,0.0,5.204006687076795,CTZ
Mississippi,2013,48,3.0,0.0,1.0986122886681098,CTZ
Mississippi,2014,320,2.0,0.0,2.995732273553991,CTZ
Missouri,1998,496,4.0,0.0,3.4339872044851463,CTZ
Missouri,1999,1616,3.0,0.0,4.61512051684126,CTZ
Missouri,2000,1712,4.0,0.0,4.672828834461906,CTZ
Missouri,2001,416,1.0,0.0,3.258096538021482,CTZ
Missouri,2002,2416,6.0,0.0,5.017279836814924,CTZ
Missouri,2003,2656,5.0,0.0,5.111987788356544,CTZ
Missouri,2004,5184,2.0,0.0,5.780743515792329,CTZ
Missouri,2005,928,2.0,0.0,4.060443010546419,CTZ
Missouri,2006,2832,0.0,0.0,5.176149732573829,CTZ
Missouri,2007,3728,5.0,0.0,5.4510384535657,CTZ
Missouri,2008,2608,6.0,0.0,5.093750200806762,CTZ
Missouri,2009,5168,2.0,0.0,5.777652323222656,CTZ
Missouri,2010,6432,11.0,0.0,5.996452088619021,CTZ
Missouri,2011,2288,2.0,0.0,4.962844630259907,CTZ
Missouri,2012,1248,5.0,0.0,4.356708826689592,CTZ
Missouri,2013,1440,10.0,0.0,4.499809670330265,CTZ
Missouri,2014,3328,3.0,0.0,5.337538079701318,CTZ
Missouri,2015,1376,13.0,0.0,4.454347296253507,CTZ
Montana,2000,8200,3.0,0.0,4.406719247264253,MTZ
Montana,2005,3000,4.0,0.0,3.4011973816621555,MTZ
Montana,2006,3400,3.0,0.0,3.5263605246161616,MTZ
Montana,2011,500,2.0,0.0,1.6094379124341003,MTZ
Montana,2012,5700,0.0,0.0,4.04305126783455,MTZ
Montana,2013,6200,1.0,0.0,4.127134385045092,MTZ
Montana,2014,3800,3.0,0.0,3.6375861597263857,MTZ
Montana,2015,7200,1.0,0.0,4.276666119016055,MTZ
Nebraska,1998,7500,0.0,0.0,4.31748811353631,MTZ
Nebraska,1999,24200,8.0,0.0,5.488937726156687,MTZ
Nebraska,2000,3900,0.0,0.0,3.6635616461296463,MTZ
Nebraska,2001,7500,1.0,0.0,4.31748811353631,MTZ
Nebraska,2002,1000,2.0,0.0,2.302585092994046,MTZ
Nebraska,2003,1200,8.0,0.0,2.4849066497880004,MTZ
Nebraska,2005,6100,2.0,0.0,4.110873864173311,MTZ
Nebraska,2007,400,2.0,0.0,1.3862943611198906,MTZ
Nebraska,2011,1100,1.0,0.0,2.3978952727983707,MTZ
Nebraska,2013,10400,8.0,0.0,4.6443908991413725,MTZ
Nebraska,2014,4000,0.0,0.0,3.6888794541139363,MTZ
Nebraska,2015,4100,3.0,0.0,3.713572066704308,MTZ
Nevada,2001,329,3.0,0.0,5.796057750765372,PTZ
Nevada,2002,69,0.0,0.0,4.23410650459726,PTZ
Nevada,2003,429,23.0,1.0,6.061456918928017,PTZ
Nevada,2004,419,10.0,0.0,6.037870919922137,PTZ
Nevada,2006,4,0.0,0.0,1.3862943611198906,PTZ
Nevada,2008,38,2.0,0.0,3.6375861597263857,PTZ
Nevada,2009,79,0.0,0.0,4.3694478524670215,PTZ
Nevada,2010,10,0.0,0.0,2.302585092994046,PTZ
Nevada,2011,33,0.0,0.0,3.4965075614664802,PTZ
Nevada,2012,72,0.0,0.0,4.276666119016055,PTZ
Nevada,2013,430,56.0,0.0,6.063785208687608,PTZ
Nevada,2014,58,1.0,0.0,4.060443010546419,PTZ
Nevada,2015,217,20.0,0.0,5.37989735354046,PTZ
New Hampshire,1999,5688,12.0,0.0,5.062595033026967,ETZ
New Hampshire,2002,1368,0.0,0.0,3.6375861597263857,ETZ
New Hampshire,2003,3600,0.0,0.0,4.605170185988092,ETZ
New Hampshire,2004,7092,5.0,0.0,5.2832037287379885,ETZ
New Hampshire,2005,6912,0.0,0.0,5.2574953720277815,ETZ
New Hampshire,2006,8568,3.0,0.0,5.472270673671475,ETZ
New Hampshire,2007,2304,2.0,0.0,4.1588830833596715,ETZ
New Hampshire,2008,2268,0.0,0.0,4.143134726391533,ETZ
New Hampshire,2009,7920,7.0,0.0,5.393627546352362,ETZ
New Hampshire,2010,648,0.0,0.0,2.8903717578961645,ETZ
New Hampshire,2011,3960,0.0,0.0,4.700480365792417,ETZ
New Hampshire,2012,1368,0.0,0.0,3.6375861597263857,ETZ
New Hampshire,2013,2520,1.0,0.0,4.248495242049359,ETZ
New Hampshire,2014,1116,5.0,0.0,3.4339872044851463,ETZ
New Hampshire,2015,1044,0.0,0.0,3.367295829986474,ETZ
New Jersey,1998,9000,17.0,0.0,5.521460917862246,ETZ
New Jersey,1999,792,1.0,0.0,3.091042453358316,ETZ
New Jersey,2000,2124,10.0,0.0,4.07753744390572,ETZ
New Jersey,2001,1908,1.0,0.0,3.970291913552122,ETZ
New Jersey,2003,3780,2.0,0.0,4.653960350157523,ETZ
New Jersey,2004,2664,12.0,0.0,4.30406509320417,ETZ
New Jersey,2005,4032,0.0,0.0,4.718498871295094,ETZ
New Jersey,2006,6552,1.0,0.0,5.204006687076795,ETZ
New Jersey,2007,11700,22.0,0.0,5.783825182329737,ETZ
New Jersey,2008,3636,8.0,1.0,4.61512051684126,ETZ
New Jersey,2009,7956,7.0,0.0,5.3981627015177525,ETZ
New Jersey,2010,5868,3.0,0.0,5.093750200806762,ETZ
New Jersey,2011,5868,13.0,0.0,5.093750200806762,ETZ
New Jersey,2012,6840,11.0,0.0,5.247024072160486,ETZ
New Jersey,2013,2592,8.0,0.0,4.276666119016055,ETZ
New Jersey,2014,6480,19.0,0.0,5.19295685089021,ETZ
New Jersey,2015,16488,0.0,0.0,6.126869184114185,ETZ
New Mexico,1998,7000,3.0,0.0,4.248495242049359,MTZ
New Mexico,1999,11100,19.0,2.0,4.709530201312334,MTZ
New Mexico,2000,3200,2.0,0.0,3.4657359027997265,MTZ
New Mexico,2002,400,0.0,0.0,1.3862943611198906,MTZ
New Mexico,2003,17500,23.0,0.0,5.1647859739235145,MTZ
New Mexico,2005,3500,0.0,0.0,3.5553480614894135,MTZ
New Mexico,2006,16400,0.0,0.0,5.099866427824199,MTZ
New Mexico,2007,4800,1.0,0.0,3.871201010907891,MTZ
New Mexico,2008,5500,10.0,0.0,4.007333185232471,MTZ
New Mexico,2009,9700,2.0,0.0,4.574710978503383,MTZ
New Mexico,2010,9000,11.0,0.0,4.499809670330265,MTZ
New Mexico,2011,17000,3.0,0.0,5.135798437050262,MTZ
New Mexico,2012,2100,2.0,0.0,3.044522437723423,MTZ
New Mexico,2013,10900,6.0,1.0,4.6913478822291435,MTZ
New Mexico,2014,2700,2.0,0.0,3.295836866004329,MTZ
New Mexico,2015,1900,0.0,0.0,2.9444389791664403,MTZ
New York,1998,30240,58.0,0.0,6.733401891837359,ETZ
New York,1999,1332,1.0,1.0,3.6109179126442243,ETZ
New York,2000,3960,10.0,0.0,4.700480365792417,ETZ
New York,2001,12168,2.0,0.0,5.823045895483019,ETZ
New York,2002,1728,0.0,0.0,3.871201010907891,ETZ
New York,2004,45180,43.0,2.0,7.134890851565884,ETZ
New York,2005,26928,32.0,0.0,6.617402977974478,ETZ
New York,2006,61956,80.0,0.0,7.450660796211539,ETZ
New York,2007,20628,17.0,1.0,6.35088571671474,ETZ
New York,2008,45324,77.0,3.0,7.138073034044347,ETZ
New York,2009,20088,27.0,0.0,6.324358962381311,ETZ
New York,2010,20448,24.0,1.0,6.342121418721152,ETZ
New York,2011,21636,31.0,1.0,6.398594934535208,ETZ
New York,2012,18612,29.0,1.0,6.248042874508429,ETZ
New York,2013,20196,14.0,0.0,6.329720905522696,ETZ
New York,2014,15732,36.0,2.0,6.07993319509559,ETZ
New York,2015,18720,14.0,0.0,6.253828811575473,ETZ
North Carolina,1998,612,0.0,0.0,2.833213344056216,ETZ
North Carolina,2001,7812,12.0,0.0,5.37989735354046,ETZ
North Carolina,2002,24264,39.0,0.0,6.513230110912307,ETZ
North Carolina,2003,7020,9.0,0.0,5.272999558563747,ETZ
North Carolina,2004,36324,23.0,0.0,6.9167150203536085,ETZ
North Carolina,2005,15732,9.0,0.0,6.07993319509559,ETZ
North Carolina,2006,10188,24.0,0.0,5.645446897643238,ETZ
North Carolina,2007,4824,19.0,1.0,4.897839799950911,ETZ
North Carolina,2008,9180,32.0,0.0,5.541263545158426,ETZ
North Carolina,2009,360,0.0,0.0,2.302585092994046,ETZ
North Carolina,2010,3924,8.0,0.0,4.6913478822291435,ETZ
North Carolina,2011,4104,2.0,1.0,4.736198448394496,ETZ
North Carolina,2012,13104,13.0,1.0,5.8971538676367405,ETZ
North Carolina,2013,8352,8.0,0.0,5.44673737166631,ETZ
North Carolina,2014,4608,0.0,0.0,4.852030263919617,ETZ
North Carolina,2015,14328,27.0,1.0,5.986452005284438,ETZ
North Dakota,1998,62000,0.0,0.0,6.429719478039138,MTZ
North Dakota,1999,8500,1.0,0.0,4.442651256490317,MTZ
North Dakota,2002,11900,0.0,0.0,4.77912349311153,MTZ
North Dakota,2003,11000,2.0,0.0,4.700480365792417,MTZ
North Dakota,2004,2800,1.0,0.0,3.332204510175204,MTZ
North Dakota,2005,7100,1.0,0.0,4.2626798770413155,MTZ
North Dakota,2006,18500,3.0,0.0,5.220355825078324,MTZ
North Dakota,2007,8200,1.0,0.0,4.406719247264253,MTZ
North Dakota,2008,5100,1.0,0.0,3.9318256327243257,MTZ
North Dakota,2009,26700,10.0,0.0,5.58724865840025,MTZ
North Dakota,2010,6700,0.0,0.0,4.204692619390966,MTZ
North Dakota,2011,16500,5.0,0.0,5.10594547390058,MTZ
North Dakota,2012,11200,0.0,0.0,4.718498871295094,MTZ
North Dakota,2013,9400,0.0,0.0,4.543294782270004,MTZ
North Dakota,2014,7500,3.0,0.0,4.31748811353631,MTZ
North Dakota,2015,20900,0.0,0.0,5.342334251964811,MTZ
Ohio,1998,65088,72.0,1.0,7.4999765409521215,ETZ
Ohio,1999,54288,40.0,1.0,7.318539548567902,ETZ
Ohio,2000,29412,32.0,1.0,6.705639094860003,ETZ
Ohio,2001,41004,78.0,0.0,7.037905963447182,ETZ
Ohio,2002,22824,25.0,0.0,6.452048954437226,ETZ
Ohio,2003,28188,16.0,0.0,6.663132695990803,ETZ
Ohio,2004,33228,44.0,0.0,6.827629234502852,ETZ
Ohio,2005,25668,23.0,1.0,6.569481420414296,ETZ
Ohio,2006,41364,52.0,0.0,7.046647277848756,ETZ
Ohio,2007,31392,37.0,0.0,6.77078942390898,ETZ
Ohio,2008,49716,30.0,0.0,7.2305631534092925,ETZ
Ohio,2009,20016,17.0,0.0,6.320768294250582,ETZ
Ohio,2010,26604,26.0,0.0,6.6052979209482015,ETZ
Ohio,2011,21816,16.0,0.0,6.406879986069314,ETZ
Ohio,2012,36684,39.0,1.0,6.926577033222725,ETZ
Ohio,2013,27108,30.0,0.0,6.6240652277998935,ETZ
Ohio,2014,17784,18.0,0.0,6.202535517187923,ETZ
Ohio,2015,29520,43.0,3.0,6.709304340258298,ETZ
Oklahoma,1998,464,2.0,0.0,3.367295829986474,CTZ
Oklahoma,1999,400,6.0,0.0,3.2188758248682006,CTZ
Oklahoma,2000,640,3.0,0.0,3.6888794541139363,CTZ
Oklahoma,2001,1152,10.0,2.0,4.276666119016055,CTZ
Oklahoma,2002,256,11.0,0.0,2.772588722239781,CTZ
Oklahoma,2003,592,0.0,0.0,3.6109179126442243,CTZ
Oklahoma,2004,208,2.0,0.0,2.5649493574615367,CTZ
Oklahoma,2005,2032,5.0,0.0,4.844187086458591,CTZ
Oklahoma,2006,1680,1.0,0.0,4.653960350157523,CTZ
Oklahoma,2007,256,0.0,0.0,2.772588722239781,CTZ
Oklahoma,2008,9184,71.0,1.0,6.352629396319567,CTZ
Oklahoma,2009,1024,4.0,0.0,4.1588830833596715,CTZ
Oklahoma,2010,1440,0.0,0.0,4.499809670330265,CTZ
Oklahoma,2011,7552,1.0,0.0,6.156978985585555,CTZ
Oklahoma,2012,1552,4.0,0.0,4.574710978503383,CTZ
Oklahoma,2013,3488,14.0,0.0,5.384495062789089,CTZ
Oklahoma,2014,1792,2.0,0.0,4.718498871295094,CTZ
Oklahoma,2015,576,12.0,0.0,3.58351893845611,CTZ
Oregon,1998,74800,5.0,0.0,6.617402977974478,MTZ
Oregon,1999,67500,4.0,0.0,6.51471269087253,MTZ
Oregon,2000,51300,7.0,0.0,6.240275845170769,MTZ
Oregon,2001,69400,3.0,0.0,6.542471960506805,MTZ
Oregon,2002,47700,2.0,0.0,6.1675164908883415,MTZ
Oregon,2003,59500,15.0,1.0,6.38856140554563,MTZ
Oregon,2004,76400,21.0,4.0,6.638567789166521,MTZ
Oregon,2005,44000,4.0,0.0,6.0867747269123065,MTZ
Oregon,2006,39300,19.0,2.0,5.973809611869261,MTZ
Oregon,2007,68000,7.0,0.0,6.522092798170152,MTZ
Oregon,2008,49700,5.0,0.0,6.208590026096629,MTZ
Oregon,2009,31200,10.0,0.0,5.7430031878094825,MTZ
Oregon,2010,46900,16.0,0.0,6.150602768446279,MTZ
Oregon,2011,16000,15.0,2.0,5.075173815233827,MTZ
Oregon,2012,18700,9.0,1.0,5.231108616854587,MTZ
Oregon,2013,18900,7.0,0.0,5.241747015059643,MTZ
Oregon,2014,12300,13.0,2.0,4.812184355372417,MTZ
Oregon,2015,24400,28.0,0.0,5.497168225293202,MTZ
Pennsylvania,1998,18108,19.0,0.0,6.220590170099739,ETZ
Pennsylvania,1999,22716,12.0,0.0,6.447305862541213,ETZ
Pennsylvania,2000,31608,37.0,0.0,6.777646593635117,ETZ
Pennsylvania,2001,27540,14.0,0.0,6.639875833826536,ETZ
Pennsylvania,2002,11628,4.0,0.0,5.777652323222656,ETZ
Pennsylvania,2003,14076,13.0,0.0,5.968707559985366,ETZ
Pennsylvania,2004,64008,44.0,7.0,7.48324441607385,ETZ
Pennsylvania,2005,17964,21.0,0.0,6.212606095751519,ETZ
Pennsylvania,2006,21312,37.0,0.0,6.3835066348840055,ETZ
Pennsylvania,2007,29376,30.0,0.0,6.704414354964107,ETZ
Pennsylvania,2008,18072,11.0,0.0,6.218600119691729,ETZ
Pennsylvania,2009,2952,11.0,0.0,4.406719247264253,ETZ
Pennsylvania,2010,7020,16.0,0.0,5.272999558563747,ETZ
Pennsylvania,2011,24624,17.0,1.0,6.52795791762255,ETZ
Pennsylvania,2012,13716,49.0,0.0,5.942799375126701,ETZ
Pennsylvania,2013,15156,37.0,0.0,6.042632833682381,ETZ
Pennsylvania,2014,6408,3.0,0.0,5.181783550292085,ETZ
Pennsylvania,2015,4572,2.0,0.0,4.844187086458591,ETZ
Republic of Palau,2005,9,0.0,0.0,2.1972245773362196,0
Rhode Island,1999,3204,1.0,0.0,4.48863636973214,ETZ
Rhode Island,2001,72,2.0,0.0,0.6931471805599453,ETZ
Rhode Island,2003,5400,1.0,0.0,5.0106352940962555,ETZ
Rhode Island,2006,4536,1.0,0.0,4.836281906951478,ETZ
Rhode Island,2007,1332,1.0,0.0,3.6109179126442243,ETZ
Rhode Island,2008,936,3.0,0.0,3.258096538021482,ETZ
Rhode Island,2009,1548,0.0,0.0,3.7612001156935624,ETZ
Rhode Island,2010,1944,3.0,0.0,3.9889840465642745,ETZ
Rhode Island,2011,8820,29.0,2.0,5.501258210544727,ETZ
Rhode Island,2012,1908,1.0,0.0,3.970291913552122,ETZ
Rhode Island,2013,2448,8.0,2.0,4.219507705176107,ETZ
Rhode Island,2014,3708,1.0,0.0,4.634728988229636,ETZ
Rhode Island,2015,900,0.0,0.0,3.2188758248682006,ETZ
South Carolina,1998,432,1.0,0.0,2.4849066497880004,ETZ
South Carolina,2000,4284,1.0,0.0,4.77912349311153,ETZ
South Carolina,2001,21168,0.0,0.0,6.376726947898627,ETZ
South Carolina,2002,2376,2.0,0.0,4.189654742026425,ETZ
South Carolina,2003,3276,4.0,0.0,4.51085950651685,ETZ
South Carolina,2004,8064,3.0,0.0,5.4116460518550396,ETZ
South Carolina,2005,18180,83.0,1.0,6.22455842927536,ETZ
South Carolina,2006,8388,3.0,0.0,5.4510384535657,ETZ
South Carolina,2007,12564,11.0,0.0,5.855071922202427,ETZ
South Carolina,2008,7776,10.0,0.0,5.375278407684165,ETZ
South Carolina,2009,18612,17.0,0.0,6.248042874508429,ETZ
South Carolina,2010,12888,4.0,0.0,5.8805329864007,ETZ
South Carolina,2011,4896,4.0,0.0,4.912654885736052,ETZ
South Carolina,2012,7560,13.0,0.0,5.3471075307174685,ETZ
South Carolina,2013,6552,7.0,1.0,5.204006687076795,ETZ
South Carolina,2014,9504,14.0,0.0,5.575949103146316,ETZ
South Carolina,2015,10296,11.0,0.0,5.655991810819852,ETZ
South Dakota,1998,1600,1.0,0.0,2.772588722239781,MTZ
South Dakota,2000,9500,13.0,2.0,4.553876891600541,MTZ
South Dakota,2001,2100,2.0,0.0,3.044522437723423,MTZ
South Dakota,2002,8400,0.0,0.0,4.430816798843313,MTZ
South Dakota,2004,5300,0.0,0.0,3.970291913552122,MTZ
South Dakota,2005,3500,0.0,0.0,3.5553480614894135,MTZ
South Dakota,2006,1800,0.0,0.0,2.8903717578961645,MTZ
South Dakota,2007,1100,6.0,0.0,2.3978952727983707,MTZ
South Dakota,2008,1400,1.0,0.0,2.6390573296152584,MTZ
South Dakota,2009,1000,4.0,0.0,2.302585092994046,MTZ
South Dakota,2010,500,0.0,0.0,1.6094379124341003,MTZ
South Dakota,2011,500,0.0,0.0,1.6094379124341003,MTZ
South Dakota,2012,10600,0.0,0.0,4.663439094112067,MTZ
South Dakota,2013,5700,0.0,0.0,4.04305126783455,MTZ
South Dakota,2015,3100,1.0,0.0,3.4339872044851463,MTZ
Tennessee,1998,11232,12.0,0.0,5.7430031878094825,ETZ
Tennessee,1999,7056,6.0,0.0,5.278114659230517,ETZ
Tennessee,2000,27720,49.0,0.0,6.646390514847729,ETZ
Tennessee,2001,49608,6.0,0.0,7.228388451573604,ETZ
Tennessee,2002,26676,28.0,1.0,6.608000625296087,ETZ
Tennessee,2003,16416,20.0,0.0,6.1224928095143865,ETZ
Tennessee,2004,11556,4.0,0.0,5.771441123130016,ETZ
Tennessee,2005,17496,29.0,0.0,6.186208623900494,ETZ
Tennessee,2006,18144,21.0,0.0,6.222576268071369,ETZ
Tennessee,2007,5904,11.0,0.0,5.099866427824199,ETZ
Tennessee,2008,10944,11.0,0.0,5.717027701406222,ETZ
Tennessee,2009,6444,24.0,0.0,5.187385805840755,ETZ
Tennessee,2010,10440,2.0,0.0,5.66988092298052,ETZ
Tennessee,2011,5040,5.0,0.0,4.941642422609304,ETZ
Tennessee,2012,9972,18.0,0.0,5.6240175061873385,ETZ
Tennessee,2013,10296,16.0,0.0,5.655991810819852,ETZ
Tennessee,2014,4788,14.0,0.0,4.890349128221754,ETZ
Tennessee,2015,9540,3.0,0.0,5.579729825986222,ETZ
Texas,1998,53600,85.0,0.0,6.284134161070802,MTZ
Texas,1999,700,7.0,0.0,1.9459101490553132,MTZ
Texas,2000,27800,0.0,0.0,5.627621113690637,MTZ
Texas,2001,87600,17.0,4.0,6.775366090936392,MTZ
Texas,2002,155000,28.0,0.0,7.346010209913293,MTZ
Texas,2003,41200,23.0,1.0,6.021023349349527,MTZ
Texas,2004,39700,3.0,0.0,5.983936280687191,MTZ
Texas,2005,28700,14.0,0.0,5.659482215759621,MTZ
Texas,2006,29900,30.0,0.0,5.700443573390687,MTZ
Texas,2007,47400,24.0,2.0,6.161207321695077,MTZ
Texas,2008,102800,14.0,0.0,6.93537044601511,MTZ
Texas,2009,12400,2.0,0.0,4.820281565605037,MTZ
Texas,2010,21700,25.0,6.0,5.37989735354046,MTZ
Texas,2011,21000,5.0,0.0,5.3471075307174685,MTZ
Texas,2012,50200,15.0,0.0,6.218600119691729,MTZ
Texas,2013,29000,16.0,0.0,5.66988092298052,MTZ
Texas,2014,16300,4.0,0.0,5.093750200806762,MTZ
Texas,2015,44400,5.0,0.0,6.095824562432225,MTZ
Utah,1998,3300,3.0,0.0,3.4965075614664802,MTZ
Utah,1999,26300,0.0,0.0,5.572154032177765,MTZ
Utah,2000,2800,2.0,0.0,3.332204510175204,MTZ
Utah,2001,2000,1.0,0.0,2.995732273553991,MTZ
Utah,2002,1300,0.0,0.0,2.5649493574615367,MTZ
Utah,2003,200,2.0,2.0,0.6931471805599453,MTZ
Utah,2004,9000,0.0,0.0,4.499809670330265,MTZ
Utah,2005,33100,22.0,0.0,5.802118375377063,MTZ
Utah,2006,2600,0.0,0.0,3.258096538021482,MTZ
Utah,2007,6200,4.0,0.0,4.127134385045092,MTZ
Utah,2008,14300,7.0,0.0,4.962844630259907,MTZ
Utah,2009,1000,0.0,0.0,2.302585092994046,MTZ
Utah,2010,11900,5.0,0.0,4.77912349311153,MTZ
Utah,2011,1400,0.0,0.0,2.6390573296152584,MTZ
Utah,2012,6400,0.0,0.0,4.1588830833596715,MTZ
Utah,2013,3100,1.0,0.0,3.4339872044851463,MTZ
Utah,2014,21700,14.0,1.0,5.37989735354046,MTZ
Utah,2015,27600,9.0,1.0,5.62040086571715,MTZ
Vermont,1998,144,0.0,0.0,1.3862943611198906,ETZ
Vermont,1999,432,2.0,0.0,2.4849066497880004,ETZ
Vermont,2000,1836,2.0,0.0,3.9318256327243257,ETZ
Vermont,2001,2988,6.0,0.0,4.418840607796598,ETZ
Vermont,2002,1152,0.0,0.0,3.4657359027997265,ETZ
Vermont,2003,1656,3.0,0.0,3.828641396489095,ETZ
Vermont,2004,648,1.0,0.0,2.8903717578961645,ETZ
Vermont,2005,288,2.0,0.0,2.0794415416798357,ETZ
Vermont,2007,2628,2.0,0.0,4.290459441148391,ETZ
Vermont,2008,1296,3.0,0.0,3.58351893845611,ETZ
Vermont,2010,612,0.0,0.0,2.833213344056216,ETZ
Vermont,2011,216,0.0,0.0,1.791759469228055,ETZ
Vermont,2012,396,3.0,0.0,2.3978952727983707,ETZ
Vermont,2013,1296,1.0,0.0,3.58351893845611,ETZ
Vermont,2014,288,4.0,0.0,2.0794415416798357,ETZ
Virginia,1998,5796,6.0,0.0,5.081404364984463,ETZ
Virginia,1999,10404,8.0,0.0,5.666426688112432,ETZ
Virginia,2000,12672,24.0,0.0,5.863631175598097,ETZ
Virginia,2001,25092,43.0,0.0,6.546785410760524,ETZ
Virginia,2002,11124,7.0,0.0,5.733341276897746,ETZ
Virginia,2003,10116,12.0,0.0,5.638354669333745,ETZ
Virginia,2004,2700,2.0,1.0,4.31748811353631,ETZ
Virginia,2005,7236,7.0,0.0,5.303304908059076,ETZ
Virginia,2006,12420,12.0,0.0,5.84354441703136,ETZ
Virginia,2007,4032,12.0,0.0,4.718498871295094,ETZ
Virginia,2008,11916,23.0,0.0,5.802118375377063,ETZ
Virginia,2009,3240,12.0,0.0,4.499809670330265,ETZ
Virginia,2010,9216,5.0,0.0,5.545177444479562,ETZ
Virginia,2011,10116,6.0,0.0,5.638354669333745,ETZ
Virginia,2012,10836,9.0,0.0,5.707110264748875,ETZ
Virginia,2013,9144,7.0,0.0,5.537334267018537,ETZ
Virginia,2014,20124,7.0,0.0,6.326149473155099,ETZ
Virginia,2015,17784,15.0,0.0,6.202535517187923,ETZ
Washington,1998,329,13.0,0.0,5.796057750765372,PTZ
Washington,1999,79,6.0,0.0,4.3694478524670215,PTZ
Washington,2000,503,4.0,0.0,6.220590170099739,PTZ
Washington,2001,562,22.0,0.0,6.331501849893691,PTZ
Washington,2002,644,7.0,0.0,6.467698726104354,PTZ
Washington,2003,439,10.0,0.0,6.0844994130751715,PTZ
Washington,2004,576,21.0,0.0,6.3561076606958915,PTZ
Washington,2005,285,11.0,2.0,5.652489180268651,PTZ
Washington,2006,235,6.0,0.0,5.459585514144159,PTZ
Washington,2007,642,13.0,0.0,6.464588303689961,PTZ
Washington,2008,456,14.0,0.0,6.1224928095143865,PTZ
Washington,2009,258,16.0,0.0,5.552959584921617,PTZ
Washington,2010,276,16.0,0.0,5.62040086571715,PTZ
Washington,2011,359,3.0,0.0,5.883322388488279,PTZ
Washington,2012,463,15.0,0.0,6.137727054086234,PTZ
Washington,2013,333,8.0,0.0,5.808142489980444,PTZ
Washington,2014,395,19.0,1.0,5.978885764901122,PTZ
Washington,2015,313,20.0,0.0,5.746203190540153,PTZ
Washington DC,1998,3420,0.0,0.0,4.553876891600541,ETZ
Washington DC,2000,540,0.0,0.0,2.70805020110221,ETZ
Washington DC,2002,8640,7.0,0.0,5.480638923341991,ETZ
Washington DC,2003,8244,0.0,0.0,5.43372200355424,ETZ
Washington DC,2004,2340,1.0,0.0,4.174387269895637,ETZ
Washington DC,2007,324,0.0,0.0,2.1972245773362196,ETZ
Washington DC,2008,3960,0.0,0.0,4.700480365792417,ETZ
Washington DC,2015,5760,9.0,0.0,5.075173815233827,ETZ
West Virginia,1998,8244,0.0,0.0,5.43372200355424,ETZ
West Virginia,1999,1008,7.0,0.0,3.332204510175204,ETZ
West Virginia,2000,648,0.0,0.0,2.8903717578961645,ETZ
West Virginia,2001,3528,6.0,0.0,4.584967478670572,ETZ
West Virginia,2002,1044,1.0,0.0,3.367295829986474,ETZ
West Virginia,2003,1728,2.0,0.0,3.871201010907891,ETZ
West Virginia,2005,828,0.0,0.0,3.1354942159291497,ETZ
West Virginia,2006,2592,1.0,0.0,4.276666119016055,ETZ
West Virginia,2007,540,5.0,0.0,2.70805020110221,ETZ
West Virginia,2008,2628,3.0,0.0,4.290459441148391,ETZ
West Virginia,2009,972,10.0,2.0,3.295836866004329,ETZ
West Virginia,2010,360,2.0,0.0,2.302585092994046,ETZ
West Virginia,2012,2808,0.0,0.0,4.356708826689592,ETZ
West Virginia,2014,3672,0.0,0.0,4.624972813284271,ETZ
West Virginia,2015,1260,0.0,0.0,3.5553480614894135,ETZ
Wisconsin,1998,8544,55.0,0.0,6.280395838960195,CTZ
Wisconsin,1999,8688,6.0,0.0,6.297109319933935,CTZ
Wisconsin,2000,18560,42.0,1.0,7.05617528410041,CTZ
Wisconsin,2001,7568,16.0,0.0,6.159095388491933,CTZ
Wisconsin,2002,6704,34.0,0.0,6.037870919922137,CTZ
Wisconsin,2003,4144,23.0,0.0,5.556828061699537,CTZ
Wisconsin,2004,13584,33.0,2.0,6.744059186311348,CTZ
Wisconsin,2005,3008,7.0,0.0,5.236441962829949,CTZ
Wisconsin,2006,11008,18.0,0.0,6.5337888379333435,CTZ
Wisconsin,2007,8736,4.0,0.0,6.302618975744905,CTZ
Wisconsin,2008,10384,4.0,0.0,6.47543271670409,CTZ
Wisconsin,2009,6544,6.0,0.0,6.013715156042802,CTZ
Wisconsin,2010,11840,10.0,0.0,6.606650186198215,CTZ
Wisconsin,2011,4816,8.0,0.0,5.707110264748875,CTZ
Wisconsin,2012,5072,8.0,0.0,5.75890177387728,CTZ
Wisconsin,2013,5568,22.0,0.0,5.8522024797744745,CTZ
Wisconsin,2014,6528,21.0,0.0,6.0112671744041615,CTZ
Wisconsin,2015,9120,17.0,0.0,6.345636360828596,CTZ
Wyoming,2000,1000,1.0,0.0,2.302585092994046,MTZ
Wyoming,2001,7700,3.0,0.0,4.343805421853684,MTZ
Wyoming,2002,37400,5.0,0.0,5.924255797414532,MTZ
Wyoming,2003,6500,14.0,0.0,4.174387269895637,MTZ
Wyoming,2004,4200,2.0,0.0,3.7376696182833684,MTZ
Wyoming,2005,5600,8.0,0.0,4.02535169073515,MTZ
Wyoming,2006,1800,0.0,0.0,2.8903717578961645,MTZ
Wyoming,2007,6000,3.0,0.0,4.0943445622221,MTZ
Wyoming,2008,11500,1.0,0.0,4.74493212836325,MTZ
Wyoming,2009,6200,0.0,0.0,4.127134385045092,MTZ
Wyoming,2010,3300,1.0,0.0,3.4965075614664802,MTZ
Wyoming,2011,6400,0.0,0.0,4.1588830833596715,MTZ
Wyoming,2012,31900,2.0,0.0,5.765191102784844,MTZ
Wyoming,2013,2800,0.0,0.0,3.332204510175204,MTZ
Wyoming,2014,600,0.0,0.0,1.791759469228055,MTZ
Wyoming,2015,900,0.0,0.0,2.1972245773362196,MTZ
